{
    "vertices": [3.24812,-1,-1,3.24812,-1,1,-1,-1,1,-1,-1,-1,1,1,-1,0.999999,1,1,-1,1,1,-1,1,-1],
    "metadata": {
        "vertices": 8,
        "version": 3,
        "uvs": 0,
        "faces": 6,
        "type": "Geometry",
        "generator": "io_three",
        "normals": 8
    },
    "uvs": [],
    "faces": [33,0,1,2,3,0,1,2,3,33,4,7,6,5,4,5,6,7,33,0,4,5,1,0,4,7,1,33,1,5,6,2,1,7,6,2,33,2,6,7,3,2,6,5,3,33,4,0,3,7,4,0,3,5],
    "normals": [0.783319,-0.297983,-0.545488,0.783319,-0.297983,0.545488,-0.577349,-0.577349,0.577349,-0.577349,-0.577349,-0.577349,0.274636,0.721885,-0.635121,-0.577349,0.577349,-0.577349,-0.577349,0.577349,0.577349,0.274636,0.721885,0.635121],
    "name": "CubeGeometry.2"
}